Category,Metric,varianta_baseline Mean,variantb_kotlin-2.4.0 Mean,varianta_baseline P50,variantb_kotlin-2.4.0 P50,varianta_baseline P90,variantb_kotlin-2.4.0 P90,Unit
Build,Build time,267315,275688,270723,274733,286318,286973,ms
Build,Configuration time,37910,39239,37852,38249,42659,40710,ms
Task Type,org.jetbrains.kotlin.gradle.tasks.KotlinCompile,3445,3563,2764,2862,5112,5275,ms
Task Type,com.google.devtools.ksp.gradle.KspAATask,2483,2546,2169,2233,3607,3637,ms
Task Type,com.android.build.gradle.internal.res.LinkApplicationAndroidResourcesTask,2126,2064,2120,1946,2683,2501,ms
Task Type,com.android.build.gradle.internal.tasks.DexArchiveBuilderTask,1489,1570,1445,1588,2133,1963,ms
Task Type,com.android.build.gradle.internal.tasks.DexMergingTask,4919,5167,1052,1007,14456,14491,ms
Task Path,:build-logic:convention:compileKotlin,7808,7956,7973,7899,8385,8365,ms
Task Path,:app:app:parseDebugLocalResources,1170,1278,1068,1005,1704,2895,ms
Task Path,:core:cart:kspDebugKotlin,7896,8115,7987,8081,8572,8547,ms
Task Path,:core:contact:kspDebugKotlin,6965,7205,7077,7159,7609,7687,ms
Task Path,:core:comment:kspDebugKotlin,7499,7580,7680,7601,8130,8105,ms
Task Path,:core:checkout:kspDebugKotlin,7797,7844,7937,7830,8463,8384,ms
Task Path,:core:checkout:compileDebugKotlin,13749,14093,14085,14071,14710,14729,ms
Task Path,:core:contact:compileDebugKotlin,13759,14138,13951,14047,14878,15083,ms
Task Path,:core:cart:compileDebugKotlin,14153,14436,14288,14374,15230,15222,ms
Task Path,:core:comment:compileDebugKotlin,13710,14016,14004,14002,14678,14588,ms
Task Path,:core:feed:kspDebugKotlin,2709,2715,2705,2676,3338,3284,ms
Task Path,:core:group:kspDebugKotlin,3667,3619,3619,3570,4326,4542,ms
Task Path,:core:identity:kspDebugKotlin,3858,3918,3927,3890,4494,4697,ms
Task Path,:core:location:kspDebugKotlin,3810,3677,3871,3691,4574,4594,ms
Task Path,:core:feed:compileDebugKotlin,6719,7030,6804,6874,7695,8133,ms
Task Path,:core:group:compileDebugKotlin,5542,5783,5722,5720,6665,6456,ms
Task Path,:core:identity:compileDebugKotlin,5304,5356,5350,5394,6092,5806,ms
Task Path,:core:location:compileDebugKotlin,5072,5243,5096,5189,5912,5935,ms
Task Path,:core:login:kspDebugKotlin,2753,2801,2843,2745,3118,3430,ms
Task Path,:core:message:kspDebugKotlin,3258,3431,3301,3466,3855,4001,ms
Task Path,:core:network:kspDebugKotlin,3371,3427,3383,3434,3795,3965,ms
Task Path,:core:notification:kspDebugKotlin,3360,3388,3428,3388,4027,3820,ms
Task Path,:core:login:compileDebugKotlin,5283,5546,5441,5597,6035,6408,ms
Task Path,:core:message:compileDebugKotlin,4828,5033,4952,4965,5432,5627,ms
Task Path,:core:network:compileDebugKotlin,4774,4981,4704,4981,5535,5463,ms
Task Path,:core:post:kspDebugKotlin,2745,2790,2743,2777,3340,3279,ms
Task Path,:core:notification:compileDebugKotlin,4622,4845,4735,4794,5308,5305,ms
Task Path,:core:push:kspDebugKotlin,2995,3196,3019,3120,3808,3977,ms
Task Path,:core:profile:kspDebugKotlin,3104,3252,3122,3308,3961,3711,ms
Task Path,:core:search:kspDebugKotlin,3370,3485,3432,3379,4001,4116,ms
Task Path,:core:post:compileDebugKotlin,4744,5147,4871,5209,5747,6061,ms
Task Path,:core:push:compileDebugKotlin,4633,4629,4583,4507,5477,5519,ms
Task Path,:core:profile:compileDebugKotlin,4861,4864,4795,4823,5655,5416,ms
Task Path,:core:setting:kspDebugKotlin,3731,3873,3747,3887,4674,4750,ms
Task Path,:core:search:compileDebugKotlin,4512,4676,4507,4538,5446,5503,ms
Task Path,:core:share:kspDebugKotlin,2707,2936,2784,2805,3347,3554,ms
Task Path,:core:user:kspDebugKotlin,2773,2822,2838,2780,3401,3410,ms
Task Path,:core:sync:kspDebugKotlin,3660,3953,3804,3847,4640,4647,ms
Task Path,:core:setting:compileDebugKotlin,4282,4393,4159,4352,5037,5210,ms
Task Path,:core:share:compileDebugKotlin,4085,4408,4124,4378,4605,4958,ms
Task Path,:core:user:compileDebugKotlin,3801,3930,3880,3999,4457,4625,ms
Task Path,:feature:account:kspDebugKotlin,2539,2630,2602,2608,3254,3452,ms
Task Path,:core:sync:compileDebugKotlin,3749,3790,3971,3762,4275,4437,ms
Task Path,:feature:account:compileDebugKotlin,3470,3540,3519,3488,4176,4056,ms
Task Path,:feature:alarm:kspDebugKotlin,2353,2513,2294,2528,3186,3144,ms
Task Path,:feature:analytics:kspDebugKotlin,2371,2587,2375,2674,2882,3251,ms
Task Path,:feature:calendar:kspDebugKotlin,2563,2772,2536,2644,3146,3718,ms
Task Path,:feature:document:kspDebugKotlin,2298,2480,2274,2335,3013,3341,ms
Task Path,:feature:analytics:compileDebugKotlin,3691,3791,3692,3741,4450,4694,ms
Task Path,:feature:alarm:compileDebugKotlin,3706,3954,3763,3920,4331,4870,ms
Task Path,:feature:calendar:compileDebugKotlin,3507,3618,3484,3616,4094,4190,ms
Task Path,:feature:document:compileDebugKotlin,3294,3542,3231,3580,3998,4160,ms
Task Path,:feature:file:kspDebugKotlin,2224,2373,2069,2401,3080,3064,ms
Task Path,:feature:event:kspDebugKotlin,2826,3015,2808,2990,3756,3754,ms
Task Path,:feature:list:kspDebugKotlin,2242,2384,2260,2338,2752,3101,ms
Task Path,:feature:forecast:kspDebugKotlin,3320,3488,3361,3532,4209,4130,ms
Task Path,:feature:file:compileDebugKotlin,3075,3349,3105,3342,3604,4148,ms
Task Path,:feature:list:compileDebugKotlin,3182,3392,3237,3371,3670,4054,ms
Task Path,:feature:event:compileDebugKotlin,3336,3551,3432,3577,3846,3963,ms
Task Path,:feature:forecast:compileDebugKotlin,3022,3304,3141,3396,3581,3771,ms
Task Path,:feature:map:kspDebugKotlin,2075,2070,2074,2061,2620,2631,ms
Task Path,:feature:log:kspDebugKotlin,2843,2746,2799,2728,3591,3441,ms
Task Path,:feature:metric:kspDebugKotlin,2207,2230,2273,2139,2791,2856,ms
Task Path,:feature:report:kspDebugKotlin,2320,2221,2218,2157,2873,2908,ms
Task Path,:feature:log:compileDebugKotlin,3136,3173,3108,3158,3822,3652,ms
Task Path,:feature:map:compileDebugKotlin,3278,3170,3281,3223,3826,3652,ms
Task Path,:feature:metric:compileDebugKotlin,2986,2978,3011,2981,3370,3554,ms
Task Path,:feature:report:compileDebugKotlin,2957,3075,2976,3159,3615,3686,ms
Task Path,:feature:status:kspDebugKotlin,2040,2150,1991,2140,2450,2678,ms
Task Path,:feature:session:kspDebugKotlin,1928,1974,1865,1916,2601,2534,ms
Task Path,:feature:task:kspDebugKotlin,2200,2276,2186,2286,2814,2747,ms
Task Path,:feature:timer:kspDebugKotlin,2184,2176,2144,2147,2853,2770,ms
Task Path,:feature:status:compileDebugKotlin,2952,3138,2832,3120,3804,3861,ms
Task Path,:feature:session:compileDebugKotlin,3001,3171,2940,3095,3546,3940,ms
Task Path,:feature:timer:compileDebugKotlin,2937,3086,2959,2974,3751,3793,ms
Task Path,:feature:task:compileDebugKotlin,3008,3021,3081,2948,3624,3482,ms
Task Path,:feature:todo:kspDebugKotlin,2088,2061,2064,2067,2587,2562,ms
Task Path,:feature:weather:kspDebugKotlin,2107,2173,2119,2075,2657,2625,ms
Task Path,:domain:audio:kspDebugKotlin,2388,2414,2382,2474,3201,2987,ms
Task Path,:feature:todo:compileDebugKotlin,3005,3172,3074,3167,3589,3945,ms
Task Path,:feature:note:kspDebugKotlin,3017,3057,2904,2908,3729,3843,ms
Task Path,:feature:weather:compileDebugKotlin,2860,3046,2900,2996,3497,3767,ms
Task Path,:domain:audio:compileDebugKotlin,3149,3059,3176,3143,3753,3582,ms
Task Path,:domain:article:kspDebugKotlin,2294,2250,2325,2243,2873,2548,ms
Task Path,:feature:note:compileDebugKotlin,2991,3001,2991,3047,3602,3486,ms
Task Path,:domain:feed-contact:kspDebugKotlin,2303,2268,2354,2221,2983,2548,ms
Task Path,:domain:cart-contact:kspDebugKotlin,2949,2988,2986,2905,3610,3367,ms
Task Path,:domain:article:compileDebugKotlin,2857,3022,2939,2954,3402,3593,ms
Task Path,:domain:checkout-contact:kspDebugKotlin,2142,2233,2067,2288,2691,2753,ms
Task Path,:domain:feed-contact:compileDebugKotlin,2910,3052,2888,3014,3447,3594,ms
Task Path,:domain:cart-contact:compileDebugKotlin,2936,3188,2872,2988,3663,3808,ms
Task Path,:domain:comment-contact:kspDebugKotlin,2147,2263,2142,2226,2776,2792,ms
Task Path,:domain:checkout-contact:compileDebugKotlin,2806,2799,2831,2741,3602,3587,ms
Task Path,:domain:contact-contact:kspDebugKotlin,2212,2162,2259,2103,2653,2805,ms
Task Path,:domain:comment-contact:compileDebugKotlin,2948,2973,2982,2938,3654,3802,ms
Task Path,:domain:gallery:kspDebugKotlin,2039,2095,2040,2031,2924,2654,ms
Task Path,:domain:contact-contact:compileDebugKotlin,2665,2768,2768,2763,3431,3156,ms
Task Path,:domain:identity-contact:kspDebugKotlin,2008,2162,2048,2148,2631,2813,ms
Task Path,:domain:gallery:compileDebugKotlin,2749,2859,2766,2833,3321,3352,ms
Task Path,:domain:login-contact:kspDebugKotlin,2036,2166,2123,2142,2556,2705,ms
Task Path,:domain:media:kspDebugKotlin,1980,2118,2009,2116,2410,2595,ms
Task Path,:domain:identity-contact:compileDebugKotlin,2768,2838,2740,2857,3207,3331,ms
Task Path,:domain:news:kspDebugKotlin,2062,2106,2011,2059,2804,2624,ms
Task Path,:domain:login-contact:compileDebugKotlin,2722,2850,2716,2632,3313,3684,ms
Task Path,:domain:media:compileDebugKotlin,2821,3067,2708,2935,3615,3917,ms
Task Path,:domain:photo:kspDebugKotlin,2780,2689,2641,2677,3718,3483,ms
Task Path,:domain:news:compileDebugKotlin,2895,3002,2844,2982,3464,3895,ms
Task Path,:domain:playlist:kspDebugKotlin,2079,2055,2080,2009,2732,2683,ms
Task Path,:domain:podcast:kspDebugKotlin,2017,2096,1935,2040,2663,2524,ms
Task Path,:domain:photo:compileDebugKotlin,2792,2873,2741,2801,3770,3706,ms
Task Path,:domain:post-contact:kspDebugKotlin,2624,2710,2580,2651,3449,3310,ms
Task Path,:domain:podcast:compileDebugKotlin,2754,2793,2765,2882,3519,3321,ms
Task Path,:domain:playlist:compileDebugKotlin,2799,2899,2790,2832,3326,3519,ms
Task Path,:domain:profile-contact:kspDebugKotlin,2017,2032,2012,2007,2494,2561,ms
Task Path,:domain:post-contact:compileDebugKotlin,2639,2808,2612,2950,3661,3419,ms
Task Path,:domain:profile-contact:compileDebugKotlin,2680,2730,2601,2736,3396,3329,ms
Task Path,:domain:push-contact:kspDebugKotlin,2589,2547,2545,2557,3279,3234,ms
Task Path,:domain:user-contact:kspDebugKotlin,2011,2098,2029,1925,2472,2859,ms
Task Path,:domain:video:kspDebugKotlin,1924,2108,1897,2051,2536,2768,ms
Task Path,:domain:push-contact:compileDebugKotlin,2742,2718,2793,2691,3254,3265,ms
Task Path,:domain:user-contact:compileDebugKotlin,2683,2954,2709,2999,3271,3596,ms
Task Path,:domain:video:compileDebugKotlin,2477,2774,2586,2760,2813,3510,ms
Task Path,:repository:share-contact:kspDebugKotlin,2365,2555,2437,2542,2752,3298,ms
Task Path,:repository:group-contact:kspDebugKotlin,1860,2010,1893,1899,2337,2900,ms
Task Path,:repository:location-contact:kspDebugKotlin,1855,1805,1852,1719,2261,2461,ms
Task Path,:repository:account-contact:kspDebugKotlin,2562,2422,2675,2343,3094,3061,ms
Task Path,:repository:analytics-contact:kspDebugKotlin,2033,1992,2020,1988,2616,2482,ms
Task Path,:repository:alarm-contact:kspDebugKotlin,2627,2498,2650,2417,3169,3171,ms
Task Path,:repository:group-contact:compileDebugKotlin,2448,2370,2410,2343,3004,2853,ms
Task Path,:repository:account-contact:compileDebugKotlin,2530,2476,2479,2546,3043,2867,ms
Task Path,:repository:analytics-contact:compileDebugKotlin,2403,2356,2398,2298,2937,2871,ms
Task Path,:repository:alarm-contact:compileDebugKotlin,2420,2381,2411,2314,2794,2832,ms
Task Path,:repository:location-contact:compileDebugKotlin,2375,2343,2336,2351,2986,2786,ms
Task Path,:repository:metric-contact:kspDebugKotlin,1713,1794,1700,1832,2355,2192,ms
Task Path,:repository:network-contact:kspDebugKotlin,1664,1797,1593,1747,2283,2354,ms
Task Path,:repository:search-contact:kspDebugKotlin,1637,1847,1564,1830,2149,2337,ms
Task Path,:repository:setting-contact:kspDebugKotlin,1736,1807,1754,1768,2164,2169,ms
Task Path,:repository:metric-contact:compileDebugKotlin,2227,2480,2228,2526,2661,2928,ms
Task Path,:repository:network-contact:compileDebugKotlin,2248,2417,2245,2419,2674,2887,ms
Task Path,:repository:search-contact:compileDebugKotlin,2361,2463,2303,2385,2718,2938,ms
Task Path,:repository:setting-contact:compileDebugKotlin,2111,2146,2138,2192,2560,2635,ms
Task Path,:repository:status-contact:kspDebugKotlin,2140,2356,2102,2300,2603,2920,ms
Task Path,:repository:share-contact:compileDebugKotlin,2261,2241,2316,2172,2649,2691,ms
Task Path,:repository:sync-contact:kspDebugKotlin,1827,1890,1751,1852,2224,2235,ms
Task Path,:repository:event-contact:kspDebugKotlin,1768,1764,1781,1766,2266,2041,ms
Task Path,:repository:log-contact:kspDebugKotlin,1766,1730,1780,1685,2160,2108,ms
Task Path,:repository:status-contact:compileDebugKotlin,2121,2264,2104,2193,2568,2561,ms
Task Path,:repository:event-contact:compileDebugKotlin,2217,2379,2265,2283,2588,2878,ms
Task Path,:repository:sync-contact:compileDebugKotlin,2293,2401,2326,2299,2679,3050,ms
Task Path,:repository:log-contact:compileDebugKotlin,2230,2272,2188,2274,2596,2670,ms
Task Path,:model:article-contact:kspDebugKotlin,1689,1675,1684,1716,2238,2113,ms
Task Path,:repository:notification-contact:kspDebugKotlin,1969,1871,1935,1824,2463,2361,ms
Task Path,:repository:report-contact:kspDebugKotlin,1903,1860,1895,1886,2535,2326,ms
Task Path,:repository:session-contact:kspDebugKotlin,1878,1868,1896,1914,2380,2297,ms
Task Path,:model:article-contact:compileDebugKotlin,2403,2355,2299,2285,3188,2779,ms
Task Path,:repository:notification-contact:compileDebugKotlin,2367,2242,2363,2141,2852,2706,ms
Task Path,:repository:session-contact:compileDebugKotlin,2452,2383,2419,2382,3040,3166,ms
Task Path,:repository:task-contact:kspDebugKotlin,1561,1635,1587,1495,1929,2256,ms
Task Path,:repository:report-contact:compileDebugKotlin,2403,2390,2408,2372,3187,2988,ms
Task Path,:repository:task-contact:compileDebugKotlin,2302,2555,2231,2580,2917,3175,ms
Task Path,:repository:message-contact:kspDebugKotlin,1712,1837,1696,1755,2116,2566,ms
Task Path,:model:contact-login:kspDebugKotlin,2267,2590,2154,2502,2886,3239,ms
Task Path,:repository:calendar-contact:kspDebugKotlin,1776,1814,1737,1779,2165,2535,ms
Task Path,:model:audio-contact:kspDebugKotlin,1678,1619,1639,1569,2059,2071,ms
Task Path,:repository:calendar-contact:compileDebugKotlin,2324,2456,2336,2402,2704,3008,ms
Task Path,:model:contact-login:compileDebugKotlin,2320,2358,2344,2394,3029,2796,ms
Task Path,:repository:message-contact:compileDebugKotlin,2501,2626,2534,2568,3073,3340,ms
Task Path,:model:audio-contact:compileDebugKotlin,2246,2315,2231,2199,2962,2995,ms
Task Path,:model:document-contact:kspDebugKotlin,1661,1587,1666,1589,2086,2048,ms
Task Path,:model:file-contact:kspDebugKotlin,1772,1728,1735,1683,2248,2167,ms
Task Path,:model:forecast-contact:kspDebugKotlin,1850,1724,1843,1662,2296,2053,ms
Task Path,:model:gallery-contact:kspDebugKotlin,2232,2229,2160,2165,2885,2681,ms
Task Path,:model:document-contact:compileDebugKotlin,2275,2291,2285,2266,2855,2806,ms
Task Path,:model:file-contact:compileDebugKotlin,2434,2356,2332,2307,2915,2874,ms
Task Path,:model:forecast-contact:compileDebugKotlin,2254,2292,2211,2212,2707,2854,ms
Task Path,:model:gallery-contact:compileDebugKotlin,1987,2035,1930,1946,2472,2654,ms
Task Path,:model:list-contact:kspDebugKotlin,1555,1540,1473,1537,2084,1968,ms
Task Path,:model:map-contact:kspDebugKotlin,1711,1801,1688,1795,2159,2371,ms
Task Path,:model:media-contact:kspDebugKotlin,1701,1937,1741,1943,2031,2455,ms
Task Path,:model:news-contact:kspDebugKotlin,2119,2285,2091,2271,2669,2726,ms
Task Path,:model:list-contact:compileDebugKotlin,2111,2289,2030,2310,2786,2774,ms
Task Path,:model:map-contact:compileDebugKotlin,2110,2232,2106,2185,2638,2807,ms
Task Path,:model:media-contact:compileDebugKotlin,2036,2316,2016,2236,2643,2928,ms
Task Path,:model:news-contact:compileDebugKotlin,1991,2127,1931,2093,2489,2803,ms
Task Path,:model:photo-contact:kspDebugKotlin,1634,1646,1621,1593,2186,2074,ms
Task Path,:model:note-contact:kspDebugKotlin,1628,1732,1558,1691,2243,2061,ms
Task Path,:model:playlist-contact:kspDebugKotlin,1587,1601,1571,1466,2139,2157,ms
Task Path,:model:podcast-contact:kspDebugKotlin,1666,1722,1681,1632,2143,2303,ms
Task Path,:model:note-contact:compileDebugKotlin,2122,2208,2034,2236,2700,2671,ms
Task Path,:model:photo-contact:compileDebugKotlin,2105,2167,2112,2156,2753,2703,ms
Task Path,:model:playlist-contact:compileDebugKotlin,2085,2217,2096,2189,2734,2656,ms
Task Path,:model:podcast-contact:compileDebugKotlin,2093,2162,2086,2195,2509,2539,ms
Task Path,:model:push-login:kspDebugKotlin,1572,1672,1672,1614,1919,2157,ms
Task Path,:model:timer-contact:kspDebugKotlin,1559,1696,1572,1637,1895,2129,ms
Task Path,:model:video-contact:kspDebugKotlin,1630,1654,1626,1658,2072,2146,ms
Task Path,:model:todo-contact:kspDebugKotlin,1874,2115,1901,2039,2363,2671,ms
Task Path,:model:push-login:compileDebugKotlin,1989,2018,1963,1935,2458,2612,ms
Task Path,:model:timer-contact:compileDebugKotlin,2015,1993,1971,1964,2624,2550,ms
Task Path,:model:video-contact:compileDebugKotlin,2037,2052,2046,1887,2602,2741,ms
Task Path,:model:todo-contact:compileDebugKotlin,1950,2054,1929,1990,2585,2585,ms
Task Path,:model:weather-contact:kspDebugKotlin,1589,1591,1597,1601,2214,2055,ms
Task Path,:model:weather-contact:compileDebugKotlin,2002,2169,1935,2176,2544,2729,ms
Task Path,:app:app:mergeDebugResources,4638,4839,4760,4817,5368,5722,ms
Task Path,:app:app:kspDebugKotlin,3100,2930,3031,2879,3769,3457,ms
Task Path,:app:app:compileDebugKotlin,3092,3398,3003,3539,4146,4066,ms
Task Path,:app:app:processDebugResources,2126,2064,2120,1946,2683,2501,ms
Task Path,:app:app:mergeDebugJavaResource,2362,2471,2400,2477,3023,2953,ms
Task Path,:app:app:hiltJavaCompileDebug,4210,3584,3324,3269,7098,4381,ms
Task Path,:app:app:dexBuilderDebug,1489,1570,1445,1588,2133,1963,ms
Task Path,:app:app:mergeExtDexDebug,13216,14012,13404,14210,14931,15039,ms
Task Path,:app:app:mergeLibDexDebug,1093,1043,1052,1007,1459,1270,ms
All processes cpu,Max,100.0,100.0,100.0,100.0,100,100,%
All processes memory,Max,8.94,8.81,8.93,8.84,9.39,9.35,Gb
Build process cpu,Max,95.76666666666667,95.56666666666666,96.0,95.5,97,97,%
Build processes memory,Max,4.17,4.08,4.16,4.09,4.56,4.72,Gb
Build child processes cpu,Max,93.33333333333333,93.36666666666666,93.0,93.0,95,95,%
Build child processes memory,Max,3.74,3.68,3.79,3.64,3.93,4.06,Gb
